source,estimand,estimate_percent,ci_low_percent,ci_high_percent
SICdb,Threshold discordance,24.06811859289229,22.781280351883332,25.24311107132623
SICdb,|Difference| ≥10 mmHg,38.289846576394446,36.749307167955045,39.815058426317606
SICdb,Review / indeterminate,47.323468109399045,45.745080897548135,48.79010210441816
MIMIC-IV,Threshold discordance,21.478991600371465,20.791264533480255,22.239484123635116
MIMIC-IV,|Difference| ≥10 mmHg,40.15472339851461,39.223452267910474,41.101847015566655
MIMIC-IV,Review / indeterminate,48.431300213539174,47.55725102040307,49.333559384201926
eICU,Threshold discordance,19.636971170278912,19.17504779670472,20.114726550730648
eICU,|Difference| ≥10 mmHg,42.476911770048375,41.87558691280203,43.08473477336151
eICU,Review / indeterminate,48.77371867316828,48.18612622505065,49.345615166970134
