source,policy,model,people,deaths,estimand,estimate,ci_low,ci_high
eicu,any_sensor,age_sex,7292,1071,risk_0.00,0.10894918625165793,0.09720350697941996,0.12136923619089135
eicu,any_sensor,age_sex,7292,1071,risk_0.10,0.12328573934220169,0.11312207750489382,0.1345757205757733
eicu,any_sensor,age_sex,7292,1071,risk_0.25,0.14042306606463942,0.12493386735525591,0.1568059328834061
eicu,any_sensor,age_sex,7292,1071,risk_0.50,0.15463778658177818,0.13850238525645578,0.17124878033593677
eicu,any_sensor,age_sex,7292,1071,average_marginal_risk_difference,0.01220402136630871,0.008268713979829768,0.016031532419583404
eicu,any_sensor,age_sex_severity,6490,961,risk_0.00,0.15187389025135586,0.13669619978579223,0.16761348294553333
eicu,any_sensor,age_sex_severity,6490,961,risk_0.10,0.1383696684514836,0.12686557565659215,0.14996364306577264
eicu,any_sensor,age_sex_severity,6490,961,risk_0.25,0.12741293263367798,0.11218553813794624,0.14289267931011135
eicu,any_sensor,age_sex_severity,6490,961,risk_0.50,0.13645230927211496,0.122720960518526,0.14999389690910014
eicu,any_sensor,age_sex_severity,6490,961,average_marginal_risk_difference,-0.0006387554644089531,-0.004572758197650564,0.003060009156862537
eicu,arterial_only,age_sex,7292,1071,risk_0.00,0.11362878876273977,0.10357533381944667,0.12407674146331198
eicu,arterial_only,age_sex,7292,1071,risk_0.10,0.13933166853252113,0.12683381933934218,0.15178127080119094
eicu,arterial_only,age_sex,7292,1071,risk_0.25,0.15965820089374846,0.14196181899749633,0.1763426382902205
eicu,arterial_only,age_sex,7292,1071,risk_0.50,0.16212379030008328,0.14098659376082834,0.1830848989618185
eicu,arterial_only,age_sex,7292,1071,average_marginal_risk_difference,0.018293938623108755,0.011974256912380816,0.0240044568199934
eicu,arterial_only,age_sex_severity,6490,961,risk_0.00,0.14992068943308207,0.13707223649186281,0.16236076566952012
eicu,arterial_only,age_sex_severity,6490,961,risk_0.10,0.13933863835006685,0.12694839284773937,0.15155163318382167
eicu,arterial_only,age_sex_severity,6490,961,risk_0.25,0.13085109693765898,0.11542121926833018,0.14494643353333597
eicu,arterial_only,age_sex_severity,6490,961,risk_0.50,0.1380632861216008,0.12086448537020038,0.1548039995719526
eicu,arterial_only,age_sex_severity,6490,961,average_marginal_risk_difference,-0.002209393782692921,-0.0073638893235471676,0.0030473416205805868
eicu,concordant_only,age_sex,6741,973,risk_0.00,0.12440679555188167,0.11440364313614362,0.13497589592614206
eicu,concordant_only,age_sex,6741,973,risk_0.10,0.1409017509851266,0.1228770943078788,0.1582813051573486
eicu,concordant_only,age_sex,6741,973,risk_0.25,0.1570730859279184,0.13264116281914817,0.18080740931150535
eicu,concordant_only,age_sex,6741,973,risk_0.50,0.16742654156949807,0.1428995356318215,0.19265341803126276
eicu,concordant_only,age_sex,6741,973,average_marginal_risk_difference,0.01272623687413449,0.002301310668046482,0.02304743590983435
eicu,concordant_only,age_sex_severity,5990,872,risk_0.00,0.14406327475067768,0.13299461810704583,0.15526622459640077
eicu,concordant_only,age_sex_severity,5990,872,risk_0.10,0.13559811803961674,0.11918780686025549,0.1522596315175111
eicu,concordant_only,age_sex_severity,5990,872,risk_0.25,0.13160850082015407,0.11086014544063838,0.15277606046828027
eicu,concordant_only,age_sex_severity,5990,872,risk_0.50,0.14250201579079028,0.12191561457517952,0.16506151740248337
eicu,concordant_only,age_sex_severity,5990,872,average_marginal_risk_difference,-0.0037447719807476828,-0.012822426434035023,0.005542854134172143
eicu,cuff_only,age_sex,7292,1071,risk_0.00,0.11993705457070535,0.10843854838539338,0.1312524763305647
eicu,cuff_only,age_sex,7292,1071,risk_0.10,0.13447842475958352,0.12270702222621135,0.14632649639517195
eicu,cuff_only,age_sex,7292,1071,risk_0.25,0.1555565121859227,0.1380550501595176,0.17298079267248193
eicu,cuff_only,age_sex,7292,1071,risk_0.50,0.183222635897162,0.16254588631463118,0.20560970261237033
eicu,cuff_only,age_sex,7292,1071,average_marginal_risk_difference,0.012081971814289362,0.006353489034287953,0.018056624713500738
eicu,cuff_only,age_sex_severity,6490,961,risk_0.00,0.14267087221035543,0.13097027516071894,0.1549689143547825
eicu,cuff_only,age_sex_severity,6490,961,risk_0.10,0.13775245835838512,0.1256561631998316,0.14996526028249785
eicu,cuff_only,age_sex_severity,6490,961,risk_0.25,0.1394079583425396,0.12455130251745476,0.15531542049820096
eicu,cuff_only,age_sex_severity,6490,961,risk_0.50,0.1589056488367448,0.14159387220447145,0.1781906489284324
eicu,cuff_only,age_sex_severity,6490,961,average_marginal_risk_difference,0.0006625258718669256,-0.004799917186216751,0.00589339899086579
mimic_iv,any_sensor,age_sex,3782,483,risk_0.00,0.10584638518100388,0.08914000198171165,0.12386384776739678
mimic_iv,any_sensor,age_sex,3782,483,risk_0.10,0.11399797952932211,0.10025887259555906,0.1283569664883286
mimic_iv,any_sensor,age_sex,3782,483,risk_0.25,0.12454432025759332,0.1045528757750365,0.14603932320138346
mimic_iv,any_sensor,age_sex,3782,483,risk_0.50,0.13120437714186287,0.11155812063434484,0.15137377492856055
mimic_iv,any_sensor,age_sex,3782,483,average_marginal_risk_difference,0.006271760133775249,0.0017874265087942341,0.010619866510568782
mimic_iv,any_sensor,age_sex_severity,3782,483,risk_0.00,0.13619894992778267,0.11770469993264669,0.15675206568244007
mimic_iv,any_sensor,age_sex_severity,3782,483,risk_0.10,0.13131279530311468,0.11660601324815284,0.14666907908870308
mimic_iv,any_sensor,age_sex_severity,3782,483,risk_0.25,0.12491160968489841,0.10628169860026744,0.1441213029467327
mimic_iv,any_sensor,age_sex_severity,3782,483,risk_0.50,0.1188956647257036,0.1026027932646104,0.13589093464597252
mimic_iv,any_sensor,age_sex_severity,3782,483,average_marginal_risk_difference,-0.001547741338638758,-0.00569082437204295,0.0022106697049001263
mimic_iv,arterial_only,age_sex,3782,483,risk_0.00,0.109786921128386,0.0960839257194222,0.12442702272078787
mimic_iv,arterial_only,age_sex,3782,483,risk_0.10,0.12654060454268526,0.11213431208519903,0.14189088940933448
mimic_iv,arterial_only,age_sex,3782,483,risk_0.25,0.14434350705580493,0.1219524092493158,0.16894654337725254
mimic_iv,arterial_only,age_sex,3782,483,risk_0.50,0.14387517124388516,0.1175243154224059,0.17213225514722122
mimic_iv,arterial_only,age_sex,3782,483,average_marginal_risk_difference,0.011019211092983245,0.003608160200164469,0.01831045839280655
mimic_iv,arterial_only,age_sex_severity,3782,483,risk_0.00,0.1310533195039362,0.11665238239380243,0.14659880905871858
mimic_iv,arterial_only,age_sex_severity,3782,483,risk_0.10,0.1294699714593064,0.11602187437630852,0.14427176942909817
mimic_iv,arterial_only,age_sex_severity,3782,483,risk_0.25,0.12567899871866442,0.10667532145070953,0.14590153316217444
mimic_iv,arterial_only,age_sex_severity,3782,483,risk_0.50,0.11819231613585057,0.0973728296497473,0.13915031446658147
mimic_iv,arterial_only,age_sex_severity,3782,483,average_marginal_risk_difference,-0.0013135650830989746,-0.008221441905335275,0.00484633243891466
mimic_iv,concordant_only,age_sex,3404,433,risk_0.00,0.1134903499612776,0.10002328928730651,0.1268928106358244
mimic_iv,concordant_only,age_sex,3404,433,risk_0.10,0.12630971434959767,0.10813284432145533,0.1447538909052301
mimic_iv,concordant_only,age_sex,3404,433,risk_0.25,0.1405608764696909,0.10797204417011888,0.17642295271892208
mimic_iv,concordant_only,age_sex,3404,433,risk_0.50,0.13505133242322204,0.10619482858818927,0.16482076054726527
mimic_iv,concordant_only,age_sex,3404,433,average_marginal_risk_difference,0.008747387237936497,-0.0017594702716516154,0.018665900519638436
mimic_iv,concordant_only,age_sex_severity,3404,433,risk_0.00,0.12826300162063572,0.11363885806576289,0.1432247903355767
mimic_iv,concordant_only,age_sex_severity,3404,433,risk_0.10,0.12718247508912633,0.10943397892443245,0.14608039104270637
mimic_iv,concordant_only,age_sex_severity,3404,433,risk_0.25,0.12384761483103922,0.09482441433175573,0.15583877513088776
mimic_iv,concordant_only,age_sex_severity,3404,433,risk_0.50,0.11313939644816373,0.08981172542770835,0.13559563303120048
mimic_iv,concordant_only,age_sex_severity,3404,433,average_marginal_risk_difference,-0.0007101687967325993,-0.009887819383361265,0.008244097237256515
mimic_iv,cuff_only,age_sex,3782,483,risk_0.00,0.10296524529417725,0.08838708704700722,0.11783615741797585
mimic_iv,cuff_only,age_sex,3782,483,risk_0.10,0.12205275570668801,0.10784246907768984,0.13635347121852076
mimic_iv,cuff_only,age_sex,3782,483,risk_0.25,0.14564740037335627,0.12254048598335293,0.16929975439863998
mimic_iv,cuff_only,age_sex,3782,483,risk_0.50,0.14237439183382739,0.12090541842764457,0.16624240938229523
mimic_iv,cuff_only,age_sex,3782,483,average_marginal_risk_difference,0.010146140763697091,0.0049316984998166394,0.01497917738592013
mimic_iv,cuff_only,age_sex_severity,3782,483,risk_0.00,0.1256478284382379,0.10908131184231616,0.1422060531101072
mimic_iv,cuff_only,age_sex_severity,3782,483,risk_0.10,0.13053900653475367,0.11641888453372472,0.14432099349654606
mimic_iv,cuff_only,age_sex_severity,3782,483,risk_0.25,0.1346257798744483,0.11489793452105389,0.15534611543018498
mimic_iv,cuff_only,age_sex_severity,3782,483,risk_0.50,0.12660829242484853,0.10888181453452378,0.14609263647427626
mimic_iv,cuff_only,age_sex_severity,3782,483,average_marginal_risk_difference,0.0012835733818335846,-0.003295631939287814,0.005903047583021536
sicdb,any_sensor,age_sex,1208,111,risk_0.00,0.053733883907707655,0.02789028673438994,0.08394971806436358
sicdb,any_sensor,age_sex,1208,111,risk_0.10,0.07570225784108166,0.05072019002234313,0.10157068439457763
sicdb,any_sensor,age_sex,1208,111,risk_0.25,0.10825255347408755,0.07176574562170794,0.1511015244920477
sicdb,any_sensor,age_sex,1208,111,risk_0.50,0.09875457438072971,0.06864141242052563,0.13249662710574822
sicdb,any_sensor,age_sex,1208,111,average_marginal_risk_difference,0.007090433842913028,0.002240877633641435,0.011326583424422628
sicdb,any_sensor,age_sex_severity,1208,111,risk_0.00,0.06448464623318012,0.035091676621365524,0.09730102728791457
sicdb,any_sensor,age_sex_severity,1208,111,risk_0.10,0.08318673552235406,0.057121384172622656,0.11190249332105276
sicdb,any_sensor,age_sex_severity,1208,111,risk_0.25,0.10760226682620037,0.07086601629887113,0.145535243468137
sicdb,any_sensor,age_sex_severity,1208,111,risk_0.50,0.09755785369012335,0.06860945829924199,0.1278629695727244
sicdb,any_sensor,age_sex_severity,1208,111,average_marginal_risk_difference,0.0042755578874681096,0.00004464350087046937,0.007836740250186401
sicdb,arterial_only,age_sex,1208,111,risk_0.00,0.0719994450083816,0.04684701457192089,0.09983611092718812
sicdb,arterial_only,age_sex,1208,111,risk_0.10,0.07811056751048474,0.056746683459602335,0.10138584990427242
sicdb,arterial_only,age_sex,1208,111,risk_0.25,0.08513577860051703,0.055267092422102405,0.12089227004933668
sicdb,arterial_only,age_sex,1208,111,risk_0.50,0.08814933416678071,0.060773245402016104,0.11755355105950538
sicdb,arterial_only,age_sex,1208,111,average_marginal_risk_difference,0.005469134991513756,-0.0011625787132272711,0.011755281969312317
sicdb,arterial_only,age_sex_severity,1208,111,risk_0.00,0.083483078693797,0.05650755648549542,0.11346220396412023
sicdb,arterial_only,age_sex_severity,1208,111,risk_0.10,0.08104826912294912,0.05997358363561633,0.10385386527245459
sicdb,arterial_only,age_sex_severity,1208,111,risk_0.25,0.08037881827091502,0.0542775867794641,0.11031407352226236
sicdb,arterial_only,age_sex_severity,1208,111,risk_0.50,0.09095689947930083,0.06510417434476479,0.11970977977520682
sicdb,arterial_only,age_sex_severity,1208,111,average_marginal_risk_difference,0.0015274448296580853,-0.004930299128804294,0.006577398495341815
sicdb,concordant_only,age_sex,1118,103,risk_0.00,0.06542686587120211,0.04301662070700611,0.08940508646965127
sicdb,concordant_only,age_sex,1118,103,risk_0.10,0.10559113288400572,0.07250890523716001,0.13974391624803725
sicdb,concordant_only,age_sex,1118,103,risk_0.25,0.1440737417303939,0.08337610327889419,0.20798370215732492
sicdb,concordant_only,age_sex,1118,103,risk_0.50,0.08074093916134549,0.04799989880070628,0.11658258876857876
sicdb,concordant_only,age_sex,1118,103,average_marginal_risk_difference,0.01537577843382026,0.00488616313098348,0.02505225482565591
sicdb,concordant_only,age_sex_severity,1118,103,risk_0.00,0.07154647101436588,0.04865145456056942,0.0963133399548533
sicdb,concordant_only,age_sex_severity,1118,103,risk_0.10,0.1023694566946012,0.07312172343094696,0.13571800781250778
sicdb,concordant_only,age_sex_severity,1118,103,risk_0.25,0.1283941893890926,0.08090804707155407,0.18520294729502682
sicdb,concordant_only,age_sex_severity,1118,103,risk_0.50,0.08192449170389607,0.04977999120407641,0.11827078676851017
sicdb,concordant_only,age_sex_severity,1118,103,average_marginal_risk_difference,0.010346005989247935,0.0021768472859403608,0.018587606567843425
sicdb,cuff_only,age_sex,1208,111,risk_0.00,0.05651916365800547,0.034404506720672696,0.08087693231993717
sicdb,cuff_only,age_sex,1208,111,risk_0.10,0.0889651885396948,0.06445321311538675,0.11378030499958589
sicdb,cuff_only,age_sex,1208,111,risk_0.25,0.13154435843939533,0.0895948995067649,0.17731464486622683
sicdb,cuff_only,age_sex,1208,111,risk_0.50,0.09582156216541934,0.06660393349836656,0.12847296641031264
sicdb,cuff_only,age_sex,1208,111,average_marginal_risk_difference,0.011623469850063703,0.004994504160700764,0.017594644366303817
sicdb,cuff_only,age_sex_severity,1208,111,risk_0.00,0.06371931209887884,0.03874150948219058,0.08830327017967635
sicdb,cuff_only,age_sex_severity,1208,111,risk_0.10,0.08783657513459771,0.06534443906639387,0.11157020976093926
sicdb,cuff_only,age_sex_severity,1208,111,risk_0.25,0.11690350935028525,0.0824027814587239,0.15744922216805873
sicdb,cuff_only,age_sex_severity,1208,111,risk_0.50,0.09895742199765763,0.07173787295157201,0.129742916946886
sicdb,cuff_only,age_sex_severity,1208,111,average_marginal_risk_difference,0.007445582402994516,0.002080559615414383,0.012787589820946325
