source,analysis,people,pairs,ccd_fraction,ci_low,ci_high,pair_weighted_ccd,pairs_per_person_median,pairs_per_person_p25,pairs_per_person_p75,stays,people_with_multiple_eligible_stays,primary_cohort_union_safeguard,hours_required
sicdb,all_eligible_stays_first24,1510,31149,0.15062468476737365,0.14038518343144912,0.16074012433224222,0.15836784487463482,9.0,5.0,20.0,1561,48,true,
sicdb,exclude_duplicate_timestamps,1510,30087,0.1503449705988768,0.14005626456714373,0.16064217736141204,0.15747665104530195,8.0,4.0,19.0,,,,
sicdb,pairs_in_at_least_two_hours,1249,28587,0.15353007869257956,0.14257692798116936,0.16421090076966216,0.15891838947773462,10.0,6.0,22.0,,,,2
mimic_iv,all_eligible_stays_first24,4171,35198,0.1320530658243843,0.12622448564288039,0.1380515714833703,0.1307176544121825,6.0,4.0,11.0,4316,137,true,
mimic_iv,exclude_duplicate_timestamps,4171,33855,0.1320241478534691,0.12619009295498093,0.13818598043687835,0.130202333481022,6.0,4.0,11.0,,,,
mimic_iv,pairs_in_at_least_two_hours,4118,33654,0.13096242745322367,0.1251319018085396,0.13709476469493367,0.12967255006834255,6.0,4.0,11.0,,,,2
eicu,all_eligible_stays_first24,9017,174503,0.133589470623362,0.12955615814746752,0.1377780122078558,0.12141911600373632,11.0,4.0,25.0,9205,184,true,
eicu,exclude_duplicate_timestamps,9013,170957,0.13344730532577698,0.12957861833293843,0.13747774843263827,0.12069701737863907,11.0,4.0,25.0,,,,
eicu,pairs_in_at_least_two_hours,8854,170426,0.13227427394325017,0.12837590354485467,0.13642378932113136,0.12045697252766596,12.0,5.0,25.0,,,,2
